time,symbol,timeframe,strategy_bias,ai_prediction,confidence,agreement_with_strategy
2026-03-25T13:55:03.133612+00:00,EURUSD,15m,bullish,NO TRADE,97,False
2026-03-25T13:55:08.734313+00:00,EURUSD,15m,bullish,NO TRADE,97,False
2026-03-25T13:55:15.535203+00:00,EURUSD,15m,bullish,NO TRADE,97,False
2026-03-25T13:55:21.630673+00:00,EURUSD,15m,bullish,NO TRADE,97,False
2026-03-25T13:55:26.919362+00:00,EURUSD,15m,bullish,NO TRADE,97,False
2026-03-25T13:55:32.515095+00:00,EURUSD,15m,bullish,NO TRADE,97,False
2026-03-25T13:55:35.831081+00:00,EURUSD,15m,bullish,NO TRADE,97,False
2026-03-25T13:55:39.696735+00:00,EURUSD,15m,bullish,NO TRADE,97,False
2026-03-25T13:55:44.035266+00:00,EURUSD,15m,bullish,NO TRADE,97,False
2026-03-25T13:55:48.419835+00:00,EURUSD,15m,bullish,NO TRADE,97,False
2026-03-25T13:55:55.584509+00:00,EURUSD,15m,bullish,NO TRADE,97,False
2026-03-25T13:56:01.583813+00:00,EURUSD,15m,bullish,NO TRADE,97,False
2026-03-25T13:56:08.498584+00:00,EURUSD,15m,bullish,NO TRADE,97,False
2026-03-25T13:56:12.071642+00:00,EURUSD,15m,bullish,NO TRADE,97,False
2026-03-25T13:56:15.329196+00:00,EURUSD,15m,bullish,NO TRADE,97,False
2026-03-25T13:56:21.751014+00:00,EURUSD,15m,bullish,NO TRADE,97,False
2026-03-25T13:56:27.202401+00:00,EURUSD,15m,bullish,NO TRADE,97,False
2026-03-25T13:56:31.800024+00:00,EURUSD,15m,bullish,NO TRADE,97,False
2026-03-25T13:56:35.197143+00:00,EURUSD,15m,bullish,NO TRADE,97,False
2026-03-25T13:56:40.667169+00:00,EURUSD,15m,bullish,NO TRADE,97,False
2026-03-25T13:56:48.015913+00:00,EURUSD,15m,bullish,NO TRADE,97,False
2026-03-25T13:56:51.380739+00:00,EURUSD,15m,bullish,NO TRADE,97,False
2026-03-25T13:56:57.128181+00:00,EURUSD,15m,bullish,NO TRADE,97,False
2026-03-25T13:57:01.035051+00:00,EURUSD,15m,bullish,NO TRADE,97,False
2026-03-25T13:57:08.468776+00:00,EURUSD,15m,bullish,NO TRADE,97,False
2026-03-25T13:57:11.916105+00:00,EURUSD,15m,bullish,NO TRADE,97,False
2026-03-25T13:57:17.081158+00:00,EURUSD,15m,bullish,NO TRADE,97,False
2026-03-25T13:57:22.082948+00:00,EURUSD,15m,bullish,NO TRADE,97,False
2026-03-25T13:57:26.943124+00:00,EURUSD,15m,bullish,NO TRADE,97,False
2026-03-25T13:57:33.512763+00:00,EURUSD,15m,bullish,NO TRADE,97,False
2026-03-25T13:57:37.984709+00:00,EURUSD,15m,bullish,NO TRADE,97,False
2026-03-25T13:57:42.649121+00:00,EURUSD,15m,bullish,NO TRADE,97,False
2026-03-25T13:57:48.379294+00:00,EURUSD,15m,bullish,NO TRADE,97,False
2026-03-25T13:57:54.345623+00:00,EURUSD,15m,bullish,NO TRADE,97,False
2026-03-25T13:57:58.839616+00:00,EURUSD,15m,bullish,NO TRADE,97,False
2026-03-25T13:58:04.740292+00:00,EURUSD,15m,bullish,NO TRADE,95,False
2026-03-25T13:58:07.817875+00:00,EURUSD,15m,bullish,NO TRADE,95,False
2026-03-25T13:58:13.210582+00:00,EURUSD,15m,bullish,NO TRADE,95,False
2026-03-25T13:58:17.986450+00:00,EURUSD,15m,bullish,NO TRADE,95,False
2026-03-25T13:58:24.416807+00:00,EURUSD,15m,bullish,NO TRADE,95,False
2026-03-25T13:58:28.062150+00:00,EURUSD,15m,bullish,NO TRADE,95,False
2026-03-25T13:58:33.668923+00:00,EURUSD,15m,bullish,NO TRADE,95,False
2026-03-25T13:58:38.512720+00:00,EURUSD,15m,bullish,NO TRADE,95,False
2026-03-25T13:58:43.327724+00:00,EURUSD,15m,bullish,NO TRADE,95,False
2026-03-25T13:58:47.962295+00:00,EURUSD,15m,bullish,NO TRADE,95,False
2026-03-25T13:58:54.691740+00:00,EURUSD,15m,bullish,NO TRADE,95,False
2026-03-25T13:58:59.860190+00:00,EURUSD,15m,bullish,NO TRADE,97,False
2026-03-25T13:59:04.643073+00:00,EURUSD,15m,bullish,NO TRADE,97,False
2026-03-25T13:59:08.647002+00:00,EURUSD,15m,bullish,NO TRADE,97,False
2026-03-25T13:59:13.162091+00:00,EURUSD,15m,bullish,NO TRADE,97,False
2026-03-25T13:59:17.577669+00:00,EURUSD,15m,bullish,NO TRADE,97,False
2026-03-25T13:59:23.367051+00:00,EURUSD,15m,bullish,NO TRADE,97,False
2026-03-25T13:59:28.051221+00:00,EURUSD,15m,bullish,NO TRADE,97,False
2026-03-25T13:59:32.539736+00:00,EURUSD,15m,bullish,NO TRADE,97,False
2026-03-25T13:59:37.720296+00:00,EURUSD,15m,bullish,NO TRADE,97,False
2026-03-25T13:59:43.505723+00:00,EURUSD,15m,bullish,NO TRADE,97,False
2026-03-25T13:59:48.730234+00:00,EURUSD,15m,bullish,NO TRADE,97,False
2026-03-25T14:00:40.234844+00:00,EURUSD,15m,bullish,NO TRADE,97,False
2026-03-25T14:00:40.236344+00:00,EURUSD,15m,bullish,NO TRADE,97,False
2026-03-25T14:00:40.976097+00:00,EURUSD,15m,bullish,NO TRADE,97,False
2026-03-25T14:00:40.981747+00:00,EURUSD,15m,bullish,NO TRADE,97,False
2026-03-25T14:00:40.459754+00:00,EURUSD,15m,bullish,NO TRADE,97,False
2026-03-25T14:00:41.096125+00:00,EURUSD,15m,bullish,NO TRADE,97,False
2026-03-25T14:22:23.505665+00:00,EURUSD,4h,ranging,NO TRADE,64,True
2026-03-25T14:22:33.454588+00:00,EURUSD,4h,ranging,NO TRADE,64,True
2026-03-25T14:22:33.493100+00:00,EURUSD,1h,bearish,NO TRADE,93,False
2026-03-25T14:22:40.993797+00:00,EURUSD,15m,bullish,NO TRADE,84,False
2026-03-25T14:22:47.171682+00:00,EURUSD,1h,bearish,NO TRADE,93,False
2026-03-25T14:22:48.194343+00:00,EURUSD,5m,bearish,NO TRADE,84,False
2026-03-25T14:22:58.146429+00:00,EURUSD,15m,bullish,NO TRADE,84,False
2026-03-25T14:23:14.289045+00:00,US,4h,bullish,NO TRADE,58,False
2026-03-25T14:23:21.771905+00:00,EURUSD,5m,bearish,NO TRADE,84,False
2026-03-25T14:23:24.742859+00:00,US30,4h,ranging,NO TRADE,64,True
2026-03-25T14:23:32.624737+00:00,US,1h,bullish,NO TRADE,58,False
2026-03-25T14:24:03.455957+00:00,US30,1h,ranging,NO TRADE,69,True
2026-03-25T14:24:06.269253+00:00,US,15m,bullish,NO TRADE,58,False
2026-03-25T14:24:33.566513+00:00,US,5m,bullish,NO TRADE,58,False
2026-03-25T14:24:33.155922+00:00,US30,15m,bullish,NO TRADE,77,False
2026-03-25T14:25:02.427716+00:00,US30,5m,bullish,NO TRADE,85,False
2026-03-25T14:32:37.371568+00:00,EURUSD,15m,bullish,NO TRADE,83,False
2026-03-25T14:33:05.095553+00:00,EURUSD,15m,ranging,NO TRADE,83,True
2026-03-25T14:33:27.999294+00:00,US30,15m,bullish,NO TRADE,90,False
2026-03-25T14:33:28.114124+00:00,US,15m,bullish,NO TRADE,68,False
2026-03-25T14:33:52.569222+00:00,EURUSD,4h,ranging,NO TRADE,64,True
2026-03-25T14:33:52.699809+00:00,US30,4h,ranging,NO TRADE,64,True
2026-03-25T14:34:03.996338+00:00,US30,1h,ranging,NO TRADE,71,True
2026-03-25T14:34:04.379125+00:00,EURUSD,1h,bearish,NO TRADE,93,False
2026-03-25T14:34:04.931719+00:00,US30,4h,bullish,NO TRADE,58,False
2026-03-25T14:34:15.649695+00:00,US30,15m,bullish,NO TRADE,76,False
2026-03-25T14:34:16.693837+00:00,EURUSD,15m,ranging,NO TRADE,77,True
2026-03-25T14:34:16.917368+00:00,US30,1h,ranging,NO TRADE,71,True
2026-03-25T14:34:23.833066+00:00,US30,5m,ranging,NO TRADE,79,True
2026-03-25T14:34:24.137915+00:00,US30,15m,bullish,NO TRADE,76,False
2026-03-25T14:34:25.817004+00:00,EURUSD,5m,ranging,NO TRADE,76,True
2026-03-25T14:34:39.610027+00:00,U,4h,bearish,NO TRADE,69,False
2026-03-25T14:34:40.249433+00:00,US30,5m,ranging,NO TRADE,79,True
2026-03-25T14:34:48.496849+00:00,USDJPY,4h,ranging,NO TRADE,76,True
2026-03-25T14:35:05.873428+00:00,U,1h,bearish,NO TRADE,68,False
2026-03-25T14:35:15.210136+00:00,USDJPY,1h,bullish,NO TRADE,90,False
2026-03-25T14:35:25.656210+00:00,U,15m,bullish,NO TRADE,58,False
2026-03-25T14:35:39.106488+00:00,USDJPY,15m,bullish,NO TRADE,93,False
2026-03-25T14:35:42.626230+00:00,U,5m,bullish,NO TRADE,67,False
2026-03-25T14:36:06.526014+00:00,USDJPY,5m,ranging,NO TRADE,95,True
2026-03-25T14:38:16.968481+00:00,EURUSD,4h,ranging,NO TRADE,64,True
2026-03-25T14:38:19.457347+00:00,EURUSD,4h,ranging,NO TRADE,64,True
2026-03-25T14:38:20.805113+00:00,EURUSD,4h,ranging,NO TRADE,64,True
2026-03-25T14:38:24.730393+00:00,EURUSD,4h,ranging,NO TRADE,64,True
2026-03-25T14:38:24.794682+00:00,EURUSD,4h,ranging,NO TRADE,64,True
2026-03-25T14:38:33.314388+00:00,EURUSD,4h,ranging,NO TRADE,65,True
2026-03-25T14:39:04.273985+00:00,EURUSD,1h,bearish,NO TRADE,91,False
2026-03-25T14:39:04.398411+00:00,EURUSD,1h,bearish,NO TRADE,91,False
2026-03-25T14:39:04.767784+00:00,EURUSD,1h,bearish,NO TRADE,91,False
2026-03-25T14:39:04.752393+00:00,EURUSD,4h,ranging,NO TRADE,65,True
2026-03-25T14:39:05.303761+00:00,EURUSD,1h,bearish,NO TRADE,91,False
2026-03-25T14:39:07.176550+00:00,EURUSD,4h,ranging,NO TRADE,65,True
2026-03-25T14:39:27.937860+00:00,EURUSD,15m,ranging,NO TRADE,89,True
2026-03-25T14:39:29.910952+00:00,EURUSD,15m,ranging,NO TRADE,89,True
2026-03-25T14:39:32.549516+00:00,EURUSD,15m,ranging,NO TRADE,89,True
2026-03-25T14:39:37.539785+00:00,EURUSD,15m,ranging,NO TRADE,89,True
2026-03-25T14:39:46.150701+00:00,EURUSD,1h,bearish,NO TRADE,91,False
2026-03-25T14:39:56.590891+00:00,EURUSD,5m,ranging,NO TRADE,86,True
2026-03-25T14:40:03.925410+00:00,EURUSD,5m,ranging,NO TRADE,86,True
2026-03-25T14:40:05.175849+00:00,EURUSD,5m,ranging,NO TRADE,86,True
2026-03-25T14:40:07.357830+00:00,EURUSD,4h,ranging,NO TRADE,65,True
2026-03-25T14:40:19.785861+00:00,EURUSD,5m,ranging,NO TRADE,86,True
2026-03-25T14:40:39.060586+00:00,EURUSD,15m,ranging,NO TRADE,89,True
2026-03-25T14:41:20.551962+00:00,EURUSD,4h,ranging,NO TRADE,65,True
2026-03-25T14:41:31.325314+00:00,EURUSD,5m,ranging,NO TRADE,86,True
2026-03-25T14:42:10.906413+00:00,EURUSD,4h,ranging,NO TRADE,64,True
2026-03-25T14:48:35.460479+00:00,US30,15m,bullish,NO TRADE,74,False
2026-03-25T14:48:51.266548+00:00,EURUSD,15m,ranging,NO TRADE,88,True
2026-03-25T14:49:10.070827+00:00,US30,15m,bullish,NO TRADE,74,False
2026-03-25T14:49:46.292937+00:00,EURUSD,4h,ranging,NO TRADE,67,True
2026-03-25T14:49:49.459670+00:00,EURUSD,4h,ranging,NO TRADE,67,True
2026-03-25T14:49:49.749721+00:00,EURUSD,4h,ranging,NO TRADE,67,True
2026-03-25T14:49:49.792431+00:00,EURUSD,4h,ranging,NO TRADE,67,True
2026-03-25T14:49:48.903564+00:00,EURUSD,4h,ranging,NO TRADE,67,True
2026-03-25T14:49:49.943495+00:00,EURUSD,4h,ranging,NO TRADE,67,True
2026-03-25T14:49:50.338295+00:00,EURUSD,4h,ranging,NO TRADE,67,True
2026-03-25T14:49:47.522727+00:00,EURUSD,4h,ranging,NO TRADE,67,True
2026-03-25T14:49:50.440465+00:00,EURUSD,4h,ranging,NO TRADE,67,True
2026-03-25T14:49:50.948483+00:00,EURUSD,4h,ranging,NO TRADE,67,True
2026-03-25T14:49:51.189272+00:00,EURUSD,4h,ranging,NO TRADE,67,True
2026-03-25T14:49:51.212637+00:00,EURUSD,4h,ranging,NO TRADE,67,True
2026-03-25T14:49:48.075185+00:00,EURUSD,4h,ranging,NO TRADE,67,True
2026-03-25T14:49:51.252151+00:00,EURUSD,4h,ranging,NO TRADE,67,True
2026-03-25T14:49:51.443071+00:00,EURUSD,4h,ranging,NO TRADE,67,True
2026-03-25T14:49:47.506091+00:00,EURUSD,4h,ranging,NO TRADE,67,True
2026-03-25T14:49:51.652576+00:00,EURUSD,4h,ranging,NO TRADE,67,True
2026-03-25T14:49:51.734538+00:00,EURUSD,4h,ranging,NO TRADE,67,True
2026-03-25T14:49:52.072401+00:00,EURUSD,4h,ranging,NO TRADE,67,True
2026-03-25T14:50:01.255241+00:00,EURUSD,1h,bearish,NO TRADE,93,False
2026-03-25T14:50:03.499944+00:00,EURUSD,1h,bearish,NO TRADE,93,False
2026-03-25T14:50:58.870585+00:00,EURUSD,4h,ranging,NO TRADE,64,True
2026-03-25T14:50:59.030545+00:00,EURUSD,4h,ranging,NO TRADE,64,True
2026-03-25T14:51:10.354897+00:00,EURUSD,4h,ranging,NO TRADE,67,True
2026-03-25T14:51:10.795326+00:00,EURUSD,1h,bearish,NO TRADE,93,False
2026-03-25T14:51:11.892033+00:00,EURUSD,1h,bearish,NO TRADE,93,False
2026-03-25T14:51:17.545871+00:00,EURUSD,4h,ranging,NO TRADE,67,True
2026-03-25T14:51:21.359946+00:00,EURUSD,4h,ranging,NO TRADE,67,True
2026-03-25T14:51:23.279915+00:00,EURUSD,15m,ranging,NO TRADE,84,True
2026-03-25T14:51:24.596263+00:00,EURUSD,15m,ranging,NO TRADE,84,True
2026-03-25T14:51:26.716873+00:00,EURUSD,1h,bearish,NO TRADE,93,False
2026-03-25T14:51:29.730456+00:00,EURUSD,4h,ranging,NO TRADE,67,True
2026-03-25T14:51:34.825559+00:00,EURUSD,1h,bearish,NO TRADE,93,False
2026-03-25T14:51:35.241825+00:00,EURUSD,1h,bearish,NO TRADE,93,False
2026-03-25T14:51:36.312756+00:00,EURUSD,5m,ranging,NO TRADE,80,True
2026-03-25T14:51:38.274484+00:00,EURUSD,5m,ranging,NO TRADE,80,True
2026-03-25T14:51:38.358115+00:00,EURUSD,15m,ranging,NO TRADE,84,True
2026-03-25T14:51:44.421817+00:00,EURUSD,15m,ranging,NO TRADE,84,True
2026-03-25T14:51:45.055971+00:00,EURUSD,15m,ranging,NO TRADE,84,True
2026-03-25T14:51:48.205169+00:00,EURUSD,1h,bearish,NO TRADE,93,False
2026-03-25T14:52:01.053723+00:00,EURUSD,5m,ranging,NO TRADE,80,True
2026-03-25T14:52:01.020914+00:00,EURUSD,5m,ranging,NO TRADE,80,True
2026-03-25T14:52:01.471733+00:00,EURUSD,5m,ranging,NO TRADE,80,True
2026-03-25T14:52:06.092750+00:00,EURUSD,15m,ranging,NO TRADE,84,True
2026-03-25T14:52:35.907219+00:00,EURUSD,5m,ranging,NO TRADE,78,True
2026-03-25T14:56:07.060909+00:00,GER40,4h,bullish,NO TRADE,64,False
2026-03-25T14:56:42.455639+00:00,GER40,1h,bullish,NO TRADE,67,False
2026-03-25T14:57:12.615214+00:00,GER40,15m,ranging,NO TRADE,78,True
2026-03-25T14:57:38.976702+00:00,GER40,5m,ranging,NO TRADE,96,True
2026-03-25T15:03:44.876160+00:00,EURUSD,15m,ranging,NO TRADE,84,True
2026-03-25T15:03:45.798810+00:00,EURUSD,15m,ranging,NO TRADE,84,True
2026-03-25T15:04:03.434383+00:00,EURUSD,15m,ranging,NO TRADE,79,True
2026-03-25T15:04:05.489894+00:00,EURUSD,15m,ranging,NO TRADE,79,True
2026-03-25T15:04:09.770712+00:00,EURUSD,15m,ranging,NO TRADE,79,True
2026-03-25T15:04:19.153433+00:00,EURUSD,15m,ranging,NO TRADE,79,True
2026-03-25T15:04:51.162518+00:00,GER40,15m,ranging,NO TRADE,86,True
2026-03-25T15:05:05.277901+00:00,EURUSD,4h,ranging,NO TRADE,67,True
2026-03-25T15:05:05.364760+00:00,EURUSD,4h,ranging,NO TRADE,67,True
2026-03-25T15:05:05.451637+00:00,EURUSD,4h,ranging,NO TRADE,67,True
2026-03-25T15:05:07.453214+00:00,EURUSD,4h,ranging,NO TRADE,67,True
2026-03-25T15:05:07.769383+00:00,EURUSD,4h,ranging,NO TRADE,67,True
2026-03-25T15:05:08.035494+00:00,EURUSD,4h,ranging,NO TRADE,67,True
2026-03-25T15:05:11.248648+00:00,EURUSD,1h,bearish,NO TRADE,89,False
2026-03-25T15:05:13.144072+00:00,EURUSD,1h,bearish,NO TRADE,89,False
2026-03-25T15:05:19.255220+00:00,EURUSD,1h,bearish,NO TRADE,89,False
2026-03-25T15:05:20.925593+00:00,EURUSD,1h,bearish,NO TRADE,89,False
2026-03-25T15:05:21.602022+00:00,EURUSD,1h,bearish,NO TRADE,89,False
2026-03-25T15:05:21.807646+00:00,EURUSD,1h,bearish,NO TRADE,89,False
2026-03-25T15:05:21.811354+00:00,EURUSD,15m,ranging,NO TRADE,79,True
2026-03-25T15:05:22.138740+00:00,EURUSD,15m,ranging,NO TRADE,79,True
2026-03-25T15:05:27.942395+00:00,EURUSD,15m,ranging,NO TRADE,79,True
2026-03-25T15:05:28.121460+00:00,EURUSD,15m,ranging,NO TRADE,79,True
2026-03-25T15:05:29.031848+00:00,EURUSD,15m,ranging,NO TRADE,79,True
2026-03-25T15:05:30.462168+00:00,EURUSD,5m,ranging,NO TRADE,80,True
2026-03-25T15:05:31.377839+00:00,EURUSD,15m,ranging,NO TRADE,79,True
2026-03-25T15:05:31.575419+00:00,EURUSD,5m,ranging,NO TRADE,80,True
2026-03-25T15:05:38.630037+00:00,EURUSD,5m,ranging,NO TRADE,80,True
2026-03-25T15:05:39.470708+00:00,EURUSD,5m,ranging,NO TRADE,80,True
2026-03-25T15:05:39.592915+00:00,EURUSD,5m,ranging,NO TRADE,80,True
2026-03-25T15:05:47.756538+00:00,EURUSD,5m,ranging,NO TRADE,80,True
2026-03-25T15:14:00.385064+00:00,EURUSD,4h,ranging,NO TRADE,65,True
2026-03-25T15:14:03.649939+00:00,EURUSD,1h,bearish,NO TRADE,83,False
2026-03-25T15:14:06.044100+00:00,EURUSD,15m,ranging,NO TRADE,88,True
2026-03-25T15:14:08.173839+00:00,EURUSD,5m,bullish,NO TRADE,88,False
2026-03-25T15:16:52.029641+00:00,EURUSD,15m,ranging,NO TRADE,93,True
2026-03-25T15:17:02.144762+00:00,EURUSD,4h,ranging,NO TRADE,64,True
2026-03-25T15:17:06.326070+00:00,EURUSD,1h,bearish,NO TRADE,81,False
2026-03-25T15:17:09.143451+00:00,EURUSD,15m,ranging,NO TRADE,91,True
2026-03-25T15:17:11.177046+00:00,EURUSD,5m,bullish,NO TRADE,88,False
2026-03-25T15:17:20.976536+00:00,AUDUSD,4h,ranging,NO TRADE,79,True
2026-03-25T15:17:27.420492+00:00,AUDUSD,1h,bearish,NO TRADE,87,False
2026-03-25T15:17:32.720783+00:00,AUDUSD,15m,bearish,NO TRADE,84,False
2026-03-25T15:17:39.791831+00:00,AUDUSD,5m,ranging,NO TRADE,83,True
2026-03-25T15:19:11.493863+00:00,NAS100,4h,ranging,NO TRADE,71,True
2026-03-25T15:19:24.835851+00:00,NAS100,1h,ranging,NO TRADE,66,True
2026-03-25T15:19:32.818993+00:00,NAS100,15m,ranging,NO TRADE,58,True
2026-03-25T15:19:49.443276+00:00,NAS100,5m,ranging,NO TRADE,72,True
2026-03-25T15:21:51.399219+00:00,EURUSD,15m,ranging,NO TRADE,91,True
2026-03-25T15:22:42.993024+00:00,AUDUSD,15m,bearish,NO TRADE,85,False
2026-03-25T15:23:22.743305+00:00,NAS100,15m,ranging,NO TRADE,58,True
2026-03-25T15:23:56.391516+00:00,NAS100,4h,ranging,NO TRADE,71,True
2026-03-25T15:23:56.615234+00:00,NAS100,4h,ranging,NO TRADE,71,True
2026-03-25T15:23:57.253980+00:00,EURUSD,4h,ranging,NO TRADE,64,True
2026-03-25T15:23:57.359337+00:00,AUDUSD,4h,ranging,NO TRADE,79,True
2026-03-25T15:24:00.688437+00:00,NAS100,1h,ranging,NO TRADE,72,True
2026-03-25T15:24:01.221927+00:00,NAS100,1h,ranging,NO TRADE,72,True
2026-03-25T15:24:04.764899+00:00,EURUSD,1h,bearish,NO TRADE,82,False
2026-03-25T15:24:06.558343+00:00,NAS100,15m,ranging,NO TRADE,65,True
2026-03-25T15:24:06.764364+00:00,AUDUSD,1h,bearish,NO TRADE,85,False
2026-03-25T15:24:08.132698+00:00,NAS100,15m,ranging,NO TRADE,65,True
2026-03-25T15:24:11.049549+00:00,EURUSD,15m,ranging,NO TRADE,91,True
2026-03-25T15:24:13.135735+00:00,NAS100,5m,ranging,NO TRADE,77,True
2026-03-25T15:24:13.307483+00:00,AUDUSD,15m,bearish,NO TRADE,86,False
2026-03-25T15:24:15.499704+00:00,NAS100,5m,ranging,NO TRADE,77,True
2026-03-25T15:24:19.497075+00:00,EURUSD,5m,bullish,NO TRADE,87,False
2026-03-25T15:24:25.120010+00:00,AUDUSD,5m,ranging,NO TRADE,88,True
2026-03-25T15:26:37.653747+00:00,NAS100,4h,ranging,NO TRADE,71,True
2026-03-25T15:26:44.020627+00:00,NAS100,4h,ranging,NO TRADE,71,True
2026-03-25T15:27:05.967981+00:00,EURUSD,4h,ranging,NO TRADE,64,True
2026-03-25T15:31:36.114460+00:00,EURUSD,4h,ranging,NO TRADE,64,True
2026-03-25T15:31:36.204835+00:00,EURUSD,4h,ranging,NO TRADE,64,True
2026-03-25T15:31:37.164511+00:00,NAS100,1h,ranging,NO TRADE,72,True
2026-03-25T15:31:37.398416+00:00,EURUSD,1h,bearish,NO TRADE,82,False
2026-03-25T15:31:37.796391+00:00,AUDUSD,15m,bearish,NO TRADE,86,False
2026-03-25T15:31:37.964018+00:00,EURUSD,4h,ranging,NO TRADE,64,True
2026-03-25T15:31:37.989979+00:00,EURUSD,4h,ranging,NO TRADE,64,True
2026-03-25T15:31:38.032218+00:00,EURUSD,15m,ranging,NO TRADE,90,True
2026-03-25T15:31:37.802805+00:00,EURUSD,4h,ranging,NO TRADE,64,True
2026-03-25T15:31:37.983661+00:00,NAS100,1h,ranging,NO TRADE,72,True
2026-03-25T15:31:46.528835+00:00,NAS100,15m,ranging,NO TRADE,74,True
2026-03-25T15:31:47.524483+00:00,NAS100,15m,ranging,NO TRADE,74,True
2026-03-25T15:31:50.155719+00:00,EURUSD,15m,bearish,NO TRADE,91,False
2026-03-25T15:31:50.012937+00:00,EURUSD,1h,bearish,NO TRADE,83,False
2026-03-25T15:31:49.966154+00:00,NAS100,15m,ranging,NO TRADE,87,True
2026-03-25T15:31:50.847664+00:00,EURUSD,1h,bearish,NO TRADE,83,False
2026-03-25T15:31:50.492307+00:00,EURUSD,1h,bearish,NO TRADE,83,False
2026-03-25T15:31:51.448522+00:00,NAS100,15m,ranging,NO TRADE,87,True
2026-03-25T15:31:53.677336+00:00,EURUSD,1h,bearish,NO TRADE,83,False
2026-03-25T15:31:54.099020+00:00,EURUSD,1h,bearish,NO TRADE,83,False
2026-03-25T15:32:00.536781+00:00,NAS100,5m,bearish,NO TRADE,93,False
2026-03-25T15:32:02.616690+00:00,EURUSD,15m,bearish,NO TRADE,91,False
2026-03-25T15:32:04.085153+00:00,EURUSD,15m,bearish,NO TRADE,91,False
2026-03-25T15:32:05.043136+00:00,EURUSD,15m,bearish,NO TRADE,91,False
2026-03-25T15:32:05.022091+00:00,NAS100,5m,bearish,NO TRADE,93,False
2026-03-25T15:32:05.434795+00:00,EURUSD,15m,bearish,NO TRADE,91,False
2026-03-25T15:32:05.668152+00:00,EURUSD,5m,bullish,NO TRADE,86,False
2026-03-25T15:32:06.298503+00:00,EURUSD,15m,bearish,NO TRADE,91,False
2026-03-25T15:32:24.165517+00:00,EURUSD,5m,bullish,NO TRADE,87,False
2026-03-25T15:32:28.240615+00:00,EURUSD,5m,bullish,NO TRADE,87,False
2026-03-25T15:32:28.760022+00:00,EURUSD,5m,bullish,NO TRADE,87,False
2026-03-25T15:32:31.191199+00:00,EURUSD,5m,bullish,NO TRADE,87,False
2026-03-25T15:32:39.874174+00:00,EURUSD,5m,bullish,NO TRADE,87,False
2026-03-25T15:37:55.804823+00:00,EURUSD,4h,ranging,NO TRADE,64,True
2026-03-25T15:38:01.773331+00:00,EURUSD,4h,ranging,NO TRADE,64,True
2026-03-25T15:38:03.092044+00:00,EURUSD,1h,bearish,NO TRADE,83,False
2026-03-25T15:38:08.676767+00:00,EURUSD,1h,bearish,NO TRADE,83,False
2026-03-25T15:38:09.724583+00:00,EURUSD,15m,bearish,NO TRADE,91,False
2026-03-25T15:38:11.413812+00:00,EURUSD,4h,ranging,NO TRADE,64,True
2026-03-25T15:38:13.564445+00:00,EURUSD,15m,bearish,NO TRADE,91,False
2026-03-25T15:38:16.798722+00:00,EURUSD,4h,ranging,NO TRADE,64,True
2026-03-25T15:38:16.812268+00:00,EURUSD,5m,bullish,NO TRADE,84,False
2026-03-25T15:38:17.453159+00:00,EURUSD,1h,bearish,NO TRADE,83,False
2026-03-25T15:38:24.957890+00:00,EURUSD,5m,bullish,NO TRADE,84,False
2026-03-25T15:38:25.507320+00:00,EURUSD,4h,ranging,NO TRADE,64,True
2026-03-25T15:38:27.642929+00:00,EURUSD,15m,bearish,NO TRADE,91,False
2026-03-25T15:38:27.671855+00:00,EURUSD,1h,bearish,NO TRADE,83,False
2026-03-25T15:38:38.648704+00:00,EURUSD,15m,bearish,NO TRADE,91,False
2026-03-25T15:38:47.124589+00:00,EURUSD,5m,bullish,NO TRADE,84,False
2026-03-25T15:38:49.044509+00:00,EURUSD,1h,bearish,NO TRADE,83,False
2026-03-25T15:39:00.154681+00:00,EURUSD,5m,bullish,NO TRADE,84,False
2026-03-25T15:39:26.106870+00:00,EURUSD,4h,ranging,NO TRADE,69,True
2026-03-25T15:39:34.828102+00:00,EURUSD,5m,bullish,NO TRADE,94,False
2026-03-25T15:39:36.241374+00:00,EURUSD,4h,ranging,NO TRADE,69,True
2026-03-25T15:40:04.588975+00:00,EURUSD,1h,bearish,NO TRADE,88,False
2026-03-25T15:40:31.641074+00:00,EURUSD,15m,bearish,NO TRADE,97,False
2026-03-25T15:40:57.260738+00:00,EURUSD,5m,bullish,NO TRADE,94,False
2026-03-25T15:44:55.829767+00:00,EURUSD,15m,bearish,NO TRADE,96,False
2026-03-25T15:45:32.810164+00:00,EURUSD,15m,bearish,NO TRADE,95,False
2026-03-25T15:45:36.163786+00:00,EURUSD,15m,bearish,NO TRADE,95,False
2026-03-25T15:45:52.204166+00:00,EURUSD,15m,bearish,NO TRADE,95,False
2026-03-25T15:45:57.853450+00:00,EURUSD,15m,bearish,NO TRADE,95,False
2026-03-25T15:46:14.884520+00:00,EURUSD,15m,bearish,NO TRADE,95,False
2026-03-25T16:45:09.433168+00:00,EURUSD,4h,ranging,NO TRADE,82,True
2026-03-25T16:45:13.785632+00:00,EURUSD,1h,bearish,NO TRADE,89,False
2026-03-25T16:45:16.445976+00:00,EURUSD,15m,bearish,NO TRADE,94,False
2026-03-25T16:45:19.554776+00:00,EURUSD,5m,bearish,NO TRADE,87,False
2026-03-25T16:47:42.945797+00:00,EURUSD,15m,bearish,NO TRADE,92,False
2026-03-25T16:47:55.127463+00:00,EURUSD,4h,ranging,NO TRADE,82,True
2026-03-25T16:47:58.529484+00:00,EURUSD,1h,bearish,NO TRADE,91,False
2026-03-25T16:48:01.694516+00:00,EURUSD,15m,bearish,NO TRADE,94,False
2026-03-25T16:48:06.691046+00:00,EURUSD,5m,bearish,NO TRADE,88,False
2026-03-25T16:50:18.596348+00:00,EURUSD,15m,bearish,NO TRADE,94,False
2026-03-25T16:50:36.144948+00:00,EURUSD,4h,ranging,NO TRADE,83,True
2026-03-25T16:50:37.107474+00:00,USDJPY,4h,ranging,NO TRADE,83,True
2026-03-25T16:50:39.453199+00:00,EURUSD,1h,bearish,NO TRADE,91,False
2026-03-25T16:50:40.428101+00:00,USDJPY,1h,bullish,NO TRADE,84,False
2026-03-25T16:50:43.153938+00:00,EURUSD,15m,bearish,NO TRADE,94,False
2026-03-25T16:50:44.715079+00:00,USDJPY,15m,bullish,NO TRADE,84,False
2026-03-25T16:50:46.535567+00:00,EURUSD,5m,bearish,NO TRADE,88,False
2026-03-25T16:50:48.961264+00:00,USDJPY,5m,bullish,NO TRADE,86,False
2026-03-25T16:55:17.345148+00:00,EURUSD,15m,bearish,NO TRADE,86,False
2026-03-25T16:55:20.775274+00:00,USDJPY,15m,bullish,NO TRADE,87,False
2026-03-25T16:55:36.573534+00:00,EURUSD,4h,ranging,NO TRADE,82,True
2026-03-25T16:55:42.930843+00:00,EURUSD,1h,bearish,NO TRADE,88,False
2026-03-25T16:55:48.711418+00:00,EURUSD,15m,bearish,NO TRADE,88,False
2026-03-25T16:55:54.710987+00:00,EURUSD,5m,bearish,NO TRADE,79,False
2026-03-25T16:58:32.598954+00:00,USDJPY,4h,ranging,NO TRADE,79,True
2026-03-25T16:58:44.791638+00:00,USDJPY,1h,bullish,NO TRADE,79,False
2026-03-25T16:58:54.719882+00:00,USDJPY,15m,bullish,NO TRADE,84,False
2026-03-25T16:59:02.023543+00:00,USDJPY,5m,bullish,NO TRADE,84,False
2026-03-25T17:00:49.362825+00:00,EURUSD,15m,bearish,NO TRADE,95,False
2026-03-25T17:01:08.538426+00:00,EURUSD,4h,ranging,NO TRADE,83,True
2026-03-25T17:01:17.548574+00:00,EURUSD,1h,bearish,NO TRADE,95,False
2026-03-25T17:01:24.540345+00:00,EURUSD,15m,bearish,NO TRADE,99,False
2026-03-25T17:01:32.983080+00:00,EURUSD,5m,bearish,NO TRADE,87,False
2026-03-25T17:03:09.996138+00:00,USDJPY,15m,bullish,NO TRADE,89,False
2026-03-25T17:05:53.076404+00:00,EURUSD,15m,bearish,NO TRADE,98,False
2026-03-25T17:06:19.956111+00:00,EURUSD,4h,ranging,NO TRADE,84,True
2026-03-25T17:06:23.004870+00:00,USDJPY,4h,ranging,NO TRADE,78,True
2026-03-25T17:06:24.532515+00:00,EURUSD,1h,bearish,NO TRADE,96,False
2026-03-25T17:06:27.705405+00:00,USDJPY,1h,bullish,NO TRADE,91,False
2026-03-25T17:06:29.292014+00:00,EURUSD,15m,bearish,NO TRADE,98,False
2026-03-25T17:06:31.804009+00:00,USDJPY,15m,bullish,NO TRADE,91,False
2026-03-25T17:06:34.702804+00:00,EURUSD,5m,bearish,NO TRADE,86,False
2026-03-25T17:06:38.303486+00:00,USDJPY,5m,bullish,NO TRADE,89,False
2026-03-25T17:09:04.875737+00:00,GBPUSD,4h,ranging,NO TRADE,72,True
2026-03-25T17:09:21.733128+00:00,GBPUSD,1h,ranging,NO TRADE,93,True
2026-03-25T17:09:34.267525+00:00,GBPUSD,15m,bearish,NO TRADE,93,False
2026-03-25T17:09:51.541930+00:00,GBPUSD,5m,ranging,NO TRADE,91,True
2026-03-25T17:11:17.545600+00:00,EURUSD,15m,bearish,NO TRADE,98,False
2026-03-25T17:11:24.212497+00:00,USDJPY,15m,bullish,NO TRADE,90,False
2026-03-25T17:13:31.674524+00:00,GBPUSD,15m,bearish,NO TRADE,93,False
2026-03-25T17:13:51.754997+00:00,EURUSD,4h,ranging,NO TRADE,82,True
2026-03-25T17:13:51.861239+00:00,GBPUSD,4h,ranging,NO TRADE,73,True
2026-03-25T17:13:51.707930+00:00,USDJPY,4h,ranging,NO TRADE,79,True
2026-03-25T17:13:56.430558+00:00,USDJPY,1h,bullish,NO TRADE,91,False
2026-03-25T17:13:57.974093+00:00,EURUSD,1h,bearish,NO TRADE,93,False
2026-03-25T17:13:59.074356+00:00,GBPUSD,1h,ranging,NO TRADE,89,True
2026-03-25T17:14:01.712483+00:00,USDJPY,15m,bullish,NO TRADE,90,False
2026-03-25T17:14:01.942595+00:00,EURUSD,15m,bearish,NO TRADE,81,False
2026-03-25T17:14:06.982506+00:00,GBPUSD,15m,bearish,NO TRADE,91,False
2026-03-25T17:14:08.243023+00:00,USDJPY,5m,bullish,NO TRADE,88,False
2026-03-25T17:14:08.316131+00:00,EURUSD,5m,bearish,NO TRADE,70,False
2026-03-25T17:14:17.405400+00:00,GBPUSD,5m,ranging,NO TRADE,84,True
2026-03-25T17:19:50.293283+00:00,USDJPY,15m,bullish,NO TRADE,88,False
2026-03-25T17:19:50.426429+00:00,EURUSD,15m,bearish,NO TRADE,85,False
2026-03-25T17:19:58.422223+00:00,GBPUSD,15m,bearish,NO TRADE,91,False
2026-03-25T17:21:02.220228+00:00,USDJPY,4h,ranging,NO TRADE,82,True
2026-03-25T17:21:02.927126+00:00,EURUSD,4h,ranging,NO TRADE,82,True
2026-03-25T17:21:04.262792+00:00,GBPUSD,4h,ranging,NO TRADE,73,True
2026-03-25T17:21:07.529242+00:00,USDJPY,1h,bullish,NO TRADE,90,False
2026-03-25T17:21:08.691028+00:00,EURUSD,1h,bearish,NO TRADE,83,False
2026-03-25T17:21:12.290038+00:00,GBPUSD,1h,ranging,NO TRADE,88,True
2026-03-25T17:21:13.750562+00:00,USDJPY,15m,bullish,NO TRADE,88,False
2026-03-25T17:21:14.163314+00:00,EURUSD,15m,bearish,NO TRADE,85,False
2026-03-25T17:21:16.574546+00:00,GBPUSD,15m,bearish,NO TRADE,91,False
2026-03-25T17:21:19.841045+00:00,USDJPY,5m,bullish,NO TRADE,90,False
2026-03-25T17:21:19.867719+00:00,EURUSD,5m,bearish,NO TRADE,86,False
2026-03-25T17:21:27.793964+00:00,GBPUSD,5m,bullish,NO TRADE,88,False
2026-03-25T17:26:11.110006+00:00,GBPUSD,4h,ranging,NO TRADE,73,True
2026-03-25T17:26:12.333767+00:00,EURUSD,4h,ranging,NO TRADE,78,True
2026-03-25T17:26:33.617639+00:00,EURUSD,1h,bearish,NO TRADE,85,False
2026-03-25T17:26:37.753280+00:00,GBPUSD,1h,ranging,NO TRADE,89,True
2026-03-25T17:26:47.917882+00:00,EURUSD,15m,bearish,NO TRADE,83,False
2026-03-25T17:26:50.157263+00:00,EURUSD,15m,bearish,NO TRADE,83,False
2026-03-25T17:26:52.845953+00:00,GBPUSD,15m,bearish,NO TRADE,89,False
2026-03-25T17:26:53.182242+00:00,USDJPY,15m,bullish,NO TRADE,88,False
2026-03-25T17:26:59.607329+00:00,EURUSD,5m,bearish,NO TRADE,86,False
2026-03-25T17:27:02.378052+00:00,GBPUSD,15m,bearish,NO TRADE,91,False
2026-03-25T17:27:04.129570+00:00,GBPUSD,5m,bullish,NO TRADE,89,False
2026-03-25T17:50:43.037017+00:00,EURUSD,4h,ranging,NO TRADE,77,True
2026-03-25T17:50:45.475801+00:00,EURUSD,1h,bearish,NO TRADE,87,False
2026-03-25T17:50:47.375867+00:00,EURUSD,15m,ranging,NO TRADE,88,True
2026-03-25T17:50:49.850638+00:00,EURUSD,5m,bearish,NO TRADE,82,False
2026-03-25T17:53:58.341480+00:00,EURUSD,15m,ranging,NO TRADE,89,True
2026-03-25T17:54:09.616988+00:00,EURUSD,4h,ranging,NO TRADE,76,True
2026-03-25T17:54:13.500631+00:00,EURUSD,1h,bearish,NO TRADE,86,False
2026-03-25T17:54:17.528687+00:00,EURUSD,15m,ranging,NO TRADE,84,True
2026-03-25T17:54:21.903302+00:00,EURUSD,5m,bearish,NO TRADE,71,False
2026-03-25T17:57:02.882543+00:00,EURUSD,15m,ranging,NO TRADE,93,True
2026-03-25T17:57:14.207870+00:00,EURUSD,4h,ranging,NO TRADE,70,True
2026-03-25T17:57:16.146971+00:00,EURUSD,4h,ranging,NO TRADE,70,True
2026-03-25T17:57:17.524199+00:00,EURUSD,4h,ranging,NO TRADE,70,True
2026-03-25T17:57:17.665725+00:00,EURUSD,4h,ranging,NO TRADE,70,True
2026-03-25T17:57:17.659384+00:00,EURUSD,4h,ranging,NO TRADE,70,True
2026-03-25T17:57:18.056833+00:00,EURUSD,4h,ranging,NO TRADE,70,True
2026-03-25T17:57:32.091757+00:00,EURUSD,1h,bearish,NO TRADE,86,False
2026-03-25T17:57:31.797786+00:00,EURUSD,1h,bearish,NO TRADE,86,False
2026-03-25T17:57:32.949929+00:00,EURUSD,1h,bearish,NO TRADE,86,False
2026-03-25T17:57:32.961894+00:00,EURUSD,1h,bearish,NO TRADE,86,False
2026-03-25T17:57:35.054016+00:00,EURUSD,1h,bearish,NO TRADE,86,False
2026-03-25T17:57:35.101733+00:00,EURUSD,1h,bearish,NO TRADE,86,False
2026-03-25T17:57:44.038687+00:00,EURUSD,15m,ranging,NO TRADE,93,True
2026-03-25T17:57:44.608009+00:00,EURUSD,15m,ranging,NO TRADE,93,True
2026-03-25T17:57:47.080337+00:00,EURUSD,15m,ranging,NO TRADE,93,True
2026-03-25T17:57:47.162989+00:00,EURUSD,15m,ranging,NO TRADE,93,True
2026-03-25T17:57:47.766363+00:00,EURUSD,15m,ranging,NO TRADE,93,True
2026-03-25T17:57:49.130021+00:00,EURUSD,15m,ranging,NO TRADE,93,True
2026-03-25T17:58:02.848796+00:00,EURUSD,5m,bearish,NO TRADE,78,False
2026-03-25T17:58:03.105609+00:00,EURUSD,5m,bearish,NO TRADE,78,False
2026-03-25T17:58:03.194862+00:00,EURUSD,5m,bearish,NO TRADE,78,False
2026-03-25T17:58:03.182627+00:00,EURUSD,5m,bearish,NO TRADE,78,False
2026-03-25T17:58:03.168647+00:00,EURUSD,5m,bearish,NO TRADE,78,False
2026-03-25T17:58:05.051537+00:00,EURUSD,5m,bearish,NO TRADE,78,False
2026-03-25T18:07:32.314073+00:00,EURUSD,15m,ranging,NO TRADE,93,True
2026-03-25T18:07:33.774828+00:00,EURUSD,15m,ranging,NO TRADE,93,True
2026-03-25T18:07:39.035795+00:00,EURUSD,15m,ranging,NO TRADE,93,True
2026-03-25T18:07:44.831701+00:00,EURUSD,15m,ranging,NO TRADE,93,True
2026-03-25T18:07:46.383217+00:00,EURUSD,15m,ranging,NO TRADE,93,True
2026-03-25T18:07:48.485311+00:00,EURUSD,15m,ranging,NO TRADE,93,True
